id,Classification
6408,Sexual Harassment
6866,Insult
4381,Insult
743,Threat
6848,Insult
3376,Insult
5141,Insult
6338,Threat
467,Threat
2296,Threat
6404,Sexual Harassment
1209,Insult
6557,Sexual Harassment
5617,Sexual Harassment
1617,Insult
2405,Insult
2827,Threat
1414,Insult
2284,Sexual Harassment
678,Insult
2912,Threat
4606,Sexual Harassment
5438,Insult
3916,Threat
3119,Insult
3442,Threat
1393,Insult
4570,Threat
4142,Sexual Harassment
3053,Threat
4883,Threat
2700,Sexual Harassment
6083,Threat
6250,Insult
7309,Threat
2128,Insult
3709,Threat
1697,Sexual Harassment
4074,Insult
2706,Sexual Harassment
6074,Insult
3673,Insult
263,Threat
317,Insult
4604,Sexual Harassment
946,Threat
1785,Insult
5547,Insult
6191,Insult
5324,Threat
1415,Threat
4364,Threat
3360,Sexual Harassment
5785,Sexual Harassment
3589,Insult
4060,Sexual Harassment
4382,Threat
4322,Threat
7010,Insult
5237,Sexual Harassment
1621,Insult
3350,Threat
5017,Threat
250,Sexual Harassment
1002,Insult
5663,Sexual Harassment
5604,Insult
1875,Insult
2756,Insult
5154,Threat
4041,Sexual Harassment
5980,Threat
4416,Threat
4213,Sexual Harassment
4572,Threat
4162,Threat
3491,Threat
2033,Insult
2602,Insult
6285,Threat
5844,Insult
341,Insult
5129,Insult
1337,Insult
1339,Threat
5649,Insult
3752,Threat
3346,Threat
6580,Sexual Harassment
1119,Sexual Harassment
5550,Sexual Harassment
4102,Sexual Harassment
6119,Threat
6589,Sexual Harassment
1665,Insult
6397,Sexual Harassment
4344,Sexual Harassment
2475,Insult
5891,Sexual Harassment
6545,Sexual Harassment
297,Threat
5784,Sexual Harassment
3614,Threat
4564,Insult
6140,Threat
2351,Insult
3481,Sexual Harassment
1935,Sexual Harassment
2749,Insult
4138,Sexual Harassment
3277,Threat
2181,Threat
5108,Sexual Harassment
5628,Threat
871,Threat
6762,Sexual Harassment
3063,Insult
5309,Sexual Harassment
7245,Sexual Harassment
2619,Threat
6248,Insult
2304,Threat
383,Threat
5650,Threat
1279,Insult
5755,Threat
2618,Threat
3739,Sexual Harassment
4016,Insult
4047,Insult
5314,Threat
4951,Sexual Harassment
2867,Threat
6306,Insult
838,Threat
6153,Insult
1181,Sexual Harassment
2682,Insult
3211,Sexual Harassment
5968,Threat
2104,Threat
2635,Insult
2506,Sexual Harassment
7247,Insult
6974,Insult
4665,Sexual Harassment
4518,Threat
5341,Threat
55,Threat
2109,Sexual Harassment
4679,Insult
1260,Threat
523,Threat
2521,Sexual Harassment
997,Insult
5717,Sexual Harassment
5414,Threat
2919,Insult
4996,Sexual Harassment
3765,Insult
2402,Threat
4799,Sexual Harassment
7296,Insult
4198,Threat
5859,Threat
1015,Insult
1741,Threat
632,Insult
5877,Sexual Harassment
1176,Insult
3044,Threat
6562,Sexual Harassment
6537,Threat
2894,Insult
1235,Threat
5586,Insult
6595,Insult
2021,Insult
2984,Insult
6318,Insult
306,Insult
5269,Threat
7127,Sexual Harassment
1010,Threat
3961,Insult
4423,Insult
6471,Sexual Harassment
1059,Threat
995,Insult
647,Threat
4108,Insult
2344,Insult
6023,Sexual Harassment
2414,Sexual Harassment
6946,Insult
12,Threat
6233,Insult
5389,Threat
655,Sexual Harassment
1329,Insult
4420,Threat
6109,Insult
2579,Insult
1474,Threat
3112,Insult
3191,Threat
2611,Threat
697,Insult
5872,Threat
5413,Insult
5307,Sexual Harassment
5402,Sexual Harassment
4482,Insult
3387,Insult
4362,Threat
6179,Sexual Harassment
1882,Insult
3648,Insult
3616,Threat
5305,Sexual Harassment
6543,Insult
4708,Threat
7178,Insult
1850,Sexual Harassment
2589,Insult
3656,Sexual Harassment
1214,Insult
5478,Sexual Harassment
1429,Sexual Harassment
1624,Sexual Harassment
4933,Sexual Harassment
4709,Insult
2971,Sexual Harassment
1200,Threat
4759,Sexual Harassment
7213,Insult
3517,Insult
5515,Threat
3780,Threat
4037,Threat
5841,Threat
3056,Threat
1602,Insult
6674,Sexual Harassment
7038,Insult
5331,Sexual Harassment
2960,Sexual Harassment
3634,Threat
7376,Sexual Harassment
4254,Sexual Harassment
1436,Threat
449,Threat
7332,Insult
4937,Insult
3542,Threat
4787,Insult
5066,Insult
2283,Sexual Harassment
2017,Insult
4345,Threat
3569,Sexual Harassment
5385,Sexual Harassment
3361,Insult
1615,Threat
835,Sexual Harassment
3095,Insult
7025,Threat
2762,Insult
6525,Sexual Harassment
1367,Threat
4823,Insult
1286,Threat
5758,Threat
3216,Sexual Harassment
2788,Insult
1692,Sexual Harassment
5144,Threat
9,Insult
4007,Insult
582,Insult
74,Insult
2282,Insult
6729,Threat
3231,Insult
879,Sexual Harassment
1434,Sexual Harassment
1957,Sexual Harassment
4119,Insult
7365,Threat
650,Sexual Harassment
6006,Sexual Harassment
1859,Threat
5287,Threat
7208,Insult
1013,Sexual Harassment
3594,Threat
7159,Threat
6414,Threat
2133,Sexual Harassment
4730,Threat
1962,Threat
1568,Insult
5809,Threat
5281,Sexual Harassment
5581,Threat
415,Insult
6993,Insult
4033,Insult
5810,Insult
5737,Sexual Harassment
2673,Threat
3906,Insult
7211,Sexual Harassment
3173,Insult
396,Insult
6235,Sexual Harassment
3643,Threat
7340,Insult
5822,Threat
305,Threat
5775,Insult
6325,Insult
5313,Threat
275,Insult
3859,Sexual Harassment
3539,Sexual Harassment
3730,Threat
6489,Threat
5378,Insult
1942,Insult
2361,Insult
5673,Threat
191,Insult
7115,Sexual Harassment
3817,Insult
7298,Insult
5343,Threat
5970,Sexual Harassment
1583,Sexual Harassment
3004,Threat
2407,Insult
3850,Sexual Harassment
6968,Sexual Harassment
6413,Sexual Harassment
3712,Insult
4640,Sexual Harassment
6304,Sexual Harassment
2938,Sexual Harassment
7344,Sexual Harassment
1806,Sexual Harassment
4009,Sexual Harassment
453,Sexual Harassment
425,Threat
741,Insult
323,Sexual Harassment
4941,Sexual Harassment
4994,Sexual Harassment
6659,Insult
6290,Sexual Harassment
3232,Insult
3150,Insult
4844,Threat
6916,Insult
662,Sexual Harassment
5903,Threat
4706,Sexual Harassment
4397,Insult
6154,Insult
4451,Threat
1944,Sexual Harassment
3682,Sexual Harassment
2568,Threat
5624,Insult
502,Insult
4131,Threat
5778,Insult
2212,Insult
2781,Threat
3246,Sexual Harassment
4911,Sexual Harassment
2955,Insult
4936,Sexual Harassment
5748,Sexual Harassment
3082,Sexual Harassment
7183,Sexual Harassment
277,Sexual Harassment
826,Sexual Harassment
1056,Insult
2400,Threat
5426,Sexual Harassment
6193,Sexual Harassment
3548,Threat
5178,Insult
6902,Threat
5555,Threat
4246,Insult
5320,Threat
72,Insult
3941,Sexual Harassment
3993,Insult
4012,Threat
4827,Threat
2132,Sexual Harassment
1718,Threat
6544,Threat
2106,Insult
4552,Sexual Harassment
7139,Insult
5184,Insult
1585,Sexual Harassment
2043,Insult
4666,Threat
527,Sexual Harassment
3394,Insult
6063,Insult
4824,Threat
1757,Sexual Harassment
7094,Insult
637,Threat
7073,Threat
295,Threat
6206,Insult
3874,Insult
3069,Insult
4783,Insult
3040,Insult
6060,Threat
5427,Threat
91,Threat
2934,Threat
4353,Threat
1210,Sexual Harassment
2123,Sexual Harassment
5502,Insult
4396,Insult
2868,Threat
3315,Insult
23,Insult
41,Sexual Harassment
4358,Threat
3445,Insult
1908,Sexual Harassment
4147,Threat
5961,Insult
1683,Threat
5612,Insult
2918,Threat
2873,Threat
6694,Sexual Harassment
824,Threat
7111,Insult
1038,Sexual Harassment
6720,Sexual Harassment
4715,Threat
2677,Threat
1636,Sexual Harassment
6144,Sexual Harassment
641,Insult
7144,Sexual Harassment
3776,Threat
110,Threat
5595,Insult
5256,Sexual Harassment
6542,Sexual Harassment
3819,Insult
4561,Insult
1304,Threat
4127,Insult
5819,Insult
3622,Threat
1437,Sexual Harassment
3313,Insult
2981,Sexual Harassment
2908,Sexual Harassment
3335,Insult
45,Threat
1229,Insult
7223,Insult
905,Threat
6594,Insult
3718,Sexual Harassment
5709,Sexual Harassment
2146,Threat
6818,Insult
4582,Sexual Harassment
6579,Threat
2332,Sexual Harassment
6416,Threat
6891,Insult
2736,Insult
6232,Sexual Harassment
793,Sexual Harassment
6917,Insult
1837,Insult
810,Insult
1730,Sexual Harassment
2950,Sexual Harassment
2313,Insult
37,Threat
2339,Insult
3935,Insult
3420,Insult
403,Threat
1774,Threat
5741,Sexual Harassment
6699,Sexual Harassment
1314,Insult
1960,Threat
474,Sexual Harassment
6027,Insult
329,Sexual Harassment
957,Sexual Harassment
400,Threat
5919,Insult
4480,Threat
5619,Sexual Harassment
3978,Threat
2560,Threat
2452,Threat
5059,Sexual Harassment
1836,Threat
2369,Insult
7107,Sexual Harassment
371,Sexual Harassment
3731,Sexual Harassment
1066,Insult
1553,Insult
6503,Threat
7020,Insult
3076,Sexual Harassment
3296,Insult
4406,Sexual Harassment
680,Insult
1891,Insult
412,Insult
5642,Insult
1510,Sexual Harassment
7311,Sexual Harassment
5068,Threat
5769,Threat
6182,Sexual Harassment
6221,Threat
3194,Threat
5146,Threat
6156,Threat
6747,Sexual Harassment
4863,Insult
298,Threat
2923,Sexual Harassment
3915,Threat
2909,Insult
747,Sexual Harassment
2853,Insult
3461,Insult
1128,Sexual Harassment
3593,Threat
7044,Sexual Harassment
1389,Insult
2942,Insult
1843,Sexual Harassment
3899,Insult
4901,Sexual Harassment
481,Insult
6146,Insult
2640,Threat
6010,Threat
1984,Insult
5578,Sexual Harassment
3418,Insult
1293,Insult
4689,Threat
5895,Threat
5188,Sexual Harassment
4334,Sexual Harassment
5716,Sexual Harassment
1664,Sexual Harassment
4148,Threat
6985,Threat
4767,Threat
2767,Insult
3049,Sexual Harassment
3080,Sexual Harassment
6229,Insult
2587,Threat
1860,Threat
4028,Threat
999,Sexual Harassment
4601,Threat
978,Sexual Harassment
3875,Threat
6061,Threat
3478,Sexual Harassment
469,Threat
5042,Sexual Harassment
1266,Sexual Harassment
5295,Sexual Harassment
6940,Sexual Harassment
766,Insult
85,Sexual Harassment
4415,Sexual Harassment
1271,Insult
6478,Sexual Harassment
2886,Insult
4872,Insult
4398,Threat
2871,Threat
4557,Sexual Harassment
1420,Threat
2345,Threat
6159,Sexual Harassment
3925,Insult
6320,Insult
2137,Threat
5338,Sexual Harassment
1811,Threat
5890,Threat
3692,Insult
1672,Insult
7192,Insult
5685,Insult
866,Insult
2899,Sexual Harassment
6608,Insult
3495,Threat
5387,Threat
542,Insult
2393,Threat
3175,Threat
3762,Sexual Harassment
4481,Sexual Harassment
337,Insult
1316,Threat
1352,Threat
5916,Insult
7181,Sexual Harassment
4535,Insult
6253,Insult
4421,Threat
544,Insult
938,Threat
3333,Insult
4458,Threat
2495,Threat
2859,Threat
5558,Insult
4236,Threat
1778,Sexual Harassment
5199,Threat
3735,Threat
6079,Sexual Harassment
6879,Insult
2774,Threat
1525,Threat
4508,Sexual Harassment
6617,Threat
1091,Sexual Harassment
602,Insult
3122,Insult
2596,Insult
1197,Sexual Harassment
2241,Threat
2691,Threat
4806,Threat
1597,Sexual Harassment
4008,Insult
7074,Threat
4723,Sexual Harassment
4764,Threat
1556,Sexual Harassment
7162,Insult
6058,Threat
3809,Threat
5918,Threat
1285,Insult
5942,Threat
5506,Sexual Harassment
5075,Insult
2245,Sexual Harassment
6056,Sexual Harassment
7133,Sexual Harassment
7084,Insult
4272,Insult
4784,Insult
2502,Insult
4184,Sexual Harassment
2237,Insult
4840,Insult
1099,Threat
1169,Sexual Harassment
1345,Sexual Harassment
2035,Threat
844,Insult
2399,Threat
4842,Insult
1270,Insult
1604,Threat
2384,Insult
4492,Sexual Harassment
2158,Sexual Harassment
2368,Sexual Harassment
1751,Sexual Harassment
1631,Insult
248,Insult
2860,Threat
2597,Insult
5936,Insult
2643,Insult
3640,Insult
6082,Insult
406,Threat
311,Insult
1067,Insult
3248,Insult
4624,Insult
2047,Sexual Harassment
4,Insult
5251,Threat
2204,Insult
4021,Insult
2716,Sexual Harassment
695,Sexual Harassment
3306,Insult
2100,Sexual Harassment
3636,Threat
1650,Insult
6036,Threat
2632,Insult
4563,Insult
2267,Insult
2301,Insult
2976,Insult
49,Threat
5403,Threat
6973,Threat
3755,Threat
4154,Insult
2164,Threat
1465,Insult
1826,Insult
7253,Insult
3155,Insult
1122,Threat
3353,Threat
2528,Sexual Harassment
1687,Sexual Harassment
6464,Threat
2833,Sexual Harassment
3750,Sexual Harassment
6604,Sexual Harassment
47,Insult
4223,Insult
3474,Sexual Harassment
1767,Sexual Harassment
6312,Insult
3153,Insult
4113,Insult
5602,Sexual Harassment
4868,Insult
3291,Insult
1790,Insult
2088,Sexual Harassment
6469,Sexual Harassment
1723,Insult
5713,Insult
5226,Threat
1700,Insult
3086,Sexual Harassment
4109,Insult
3879,Sexual Harassment
3561,Threat
475,Threat
3582,Threat
2585,Sexual Harassment
3740,Threat
1473,Insult
5541,Insult
4443,Threat
7240,Sexual Harassment
6014,Insult
1535,Sexual Harassment
3665,Sexual Harassment
2838,Sexual Harassment
7363,Insult
1007,Insult
1194,Threat
519,Threat
769,Threat
1609,Threat
3743,Threat
6270,Threat
3160,Insult
6684,Insult
5587,Threat
5761,Insult
4583,Sexual Harassment
4626,Threat
5535,Sexual Harassment
5357,Insult
5634,Sexual Harassment
6160,Sexual Harassment
3547,Insult
5113,Insult
4889,Insult
1163,Sexual Harassment
2147,Insult
1520,Threat
4170,Insult
6965,Threat
6751,Insult
7219,Sexual Harassment
3332,Insult
216,Threat
2326,Insult
5937,Sexual Harassment
1883,Threat
2835,Sexual Harassment
3167,Insult
2875,Threat
7081,Insult
2901,Insult
399,Threat
5770,Threat
101,Insult
5806,Threat
1969,Insult
3733,Sexual Harassment
4088,Threat
7170,Insult
3325,Threat
7241,Threat
258,Threat
4125,Insult
4959,Insult
6266,Insult
1446,Insult
6855,Insult
1311,Sexual Harassment
6022,Threat
2470,Threat
1685,Insult
4738,Threat
3272,Sexual Harassment
4853,Insult
4897,Sexual Harassment
2062,Sexual Harassment
4023,Threat
6500,Threat
6880,Sexual Harassment
2150,Sexual Harassment
1543,Sexual Harassment
1397,Sexual Harassment
1929,Sexual Harassment
3527,Threat
6308,Threat
234,Insult
237,Insult
5528,Threat
1704,Insult
2692,Insult
7119,Sexual Harassment
7274,Sexual Harassment
1162,Insult
4432,Insult
3320,Sexual Harassment
4447,Insult
6383,Insult
6677,Insult
4745,Threat
981,Sexual Harassment
543,Insult
3290,Sexual Harassment
1028,Threat
4399,Threat
5873,Insult
1004,Insult
4286,Insult
4098,Insult
7215,Insult
4780,Insult
7184,Insult
4688,Sexual Harassment
6173,Insult
1695,Threat
355,Sexual Harassment
4386,Threat
3193,Insult
261,Threat
804,Sexual Harassment
3300,Sexual Harassment
2584,Insult
2012,Sexual Harassment
5951,Sexual Harassment
2358,Threat
6601,Threat
1906,Insult
4588,Insult
7276,Insult
724,Sexual Harassment
2120,Insult
2253,Threat
4915,Insult
1703,Insult
2084,Insult
5131,Sexual Harassment
6238,Insult
3895,Sexual Harassment
1193,Sexual Harassment
3908,Sexual Harassment
4183,Threat
5783,Insult
3366,Sexual Harassment
5014,Threat
4849,Sexual Harassment
1838,Threat
510,Insult
7280,Sexual Harassment
5183,Sexual Harassment
3311,Threat
551,Insult
4026,Threat
7035,Insult
6352,Sexual Harassment
1402,Sexual Harassment
79,Insult
1182,Threat
6805,Sexual Harassment
6856,Sexual Harassment
2793,Threat
664,Sexual Harassment
2953,Insult
7039,Sexual Harassment
2570,Threat
5984,Insult
5917,Sexual Harassment
2227,Sexual Harassment
687,Insult
1840,Threat
6369,Sexual Harassment
1174,Sexual Harassment
1677,Insult
223,Threat
2373,Threat
3347,Threat
5988,Sexual Harassment
4677,Sexual Harassment
860,Threat
2421,Threat
651,Threat
4487,Insult
3681,Threat
2558,Threat
1406,Sexual Harassment
6148,Sexual Harassment
2032,Sexual Harassment
6626,Insult
963,Insult
3881,Threat
2891,Sexual Harassment
771,Sexual Harassment
4130,Insult
1505,Threat
2922,Threat
5627,Insult
5666,Threat
4365,Sexual Harassment
3139,Sexual Harassment
1517,Insult
966,Sexual Harassment
7173,Sexual Harassment
5439,Threat
5825,Sexual Harassment
3133,Insult
1796,Threat
5315,Sexual Harassment
6835,Insult
6704,Threat
4939,Insult
3077,Insult
4515,Sexual Harassment
6093,Threat
3696,Threat
4313,Insult
2689,Threat
2272,Sexual Harassment
672,Sexual Harassment
2226,Threat
2768,Threat
5101,Insult
1513,Threat
973,Sexual Harassment
4975,Sexual Harassment
1490,Sexual Harassment
4506,Threat
3224,Threat
4589,Threat
1968,Threat
7252,Insult
4985,Insult
3393,Sexual Harassment
3075,Sexual Harassment
4740,Threat
4591,Insult
1006,Sexual Harassment
6807,Threat
308,Sexual Harassment
5123,Threat
431,Threat
4877,Insult
4436,Threat
5411,Insult
7030,Sexual Harassment
2674,Sexual Harassment
5696,Threat
4290,Insult
4816,Insult
180,Sexual Harassment
722,Insult
959,Threat
3595,Threat
6709,Insult
6926,Sexual Harassment
5884,Threat
2269,Insult
2433,Threat
1480,Threat
2680,Sexual Harassment
2001,Sexual Harassment
6796,Threat
7206,Sexual Harassment
5262,Threat
3794,Sexual Harassment
547,Threat
533,Threat
3375,Sexual Harassment
2268,Threat
2298,Threat
6592,Threat
1788,Sexual Harassment
3113,Sexual Harassment
4914,Threat
1950,Sexual Harassment
819,Insult
6085,Threat
3827,Insult
530,Insult
6821,Insult
5941,Insult
7151,Sexual Harassment
2219,Sexual Harassment
5857,Sexual Harassment
4514,Insult
6585,Insult
7082,Threat
6540,Threat
367,Threat
2850,Threat
4800,Threat
6505,Threat
2588,Insult
6081,Insult
2324,Sexual Harassment
6166,Sexual Harassment
2200,Sexual Harassment
1644,Insult
5497,Threat
5911,Insult
1383,Threat
5253,Threat
3198,Insult
3033,Sexual Harassment
3699,Insult
567,Threat
6019,Sexual Harassment
2379,Sexual Harassment
2130,Threat
4335,Sexual Harassment
1659,Sexual Harassment
5391,Insult
4261,Insult
656,Insult
5033,Insult
3703,Threat
2840,Sexual Harassment
3501,Insult
3266,Threat
4097,Sexual Harassment
5367,Threat
1795,Sexual Harassment
2887,Insult
1787,Insult
1994,Threat
5355,Sexual Harassment
3187,Threat
334,Threat
7014,Insult
4710,Insult
6108,Insult
834,Sexual Harassment
1234,Threat
7328,Insult
6261,Threat
7001,Sexual Harassment
4311,Sexual Harassment
2939,Insult
732,Threat
6919,Insult
2071,Insult
7326,Sexual Harassment
1331,Insult
4924,Sexual Harassment
6905,Threat
4734,Sexual Harassment
1016,Insult
1187,Insult
398,Insult
7235,Sexual Harassment
4766,Insult
4869,Sexual Harassment
4948,Insult
6088,Insult
6293,Insult
6901,Threat
4391,Insult
4096,Insult
1544,Insult
2943,Sexual Harassment
1289,Threat
1528,Sexual Harassment
6456,Threat
1682,Threat
149,Insult
5348,Threat
6908,Threat
5041,Threat
518,Threat
4555,Threat
5336,Sexual Harassment
5591,Sexual Harassment
194,Threat
4548,Insult
2670,Insult
2406,Insult
1564,Insult
3707,Insult
1158,Threat
6547,Insult
5137,Insult
1018,Sexual Harassment
4215,Threat
1923,Sexual Harassment
3512,Insult
3222,Insult
4446,Threat
4928,Insult
3059,Sexual Harassment
3570,Threat
3532,Insult
2127,Threat
4592,Insult
2792,Threat
5055,Threat
3185,Sexual Harassment
1307,Threat
1236,Threat
6600,Insult
4684,Sexual Harassment
6960,Threat
3892,Insult
3274,Sexual Harassment
881,Threat
6897,Insult
7232,Insult
5597,Insult
1442,Insult
2240,Insult
5270,Threat
5395,Threat
589,Threat
2389,Sexual Harassment
4621,Insult
6859,Sexual Harassment
2148,Threat
6225,Insult
2122,Sexual Harassment
158,Sexual Harassment
1992,Insult
4977,Insult
3800,Insult
2945,Threat
4066,Insult
2004,Threat
7132,Insult
2375,Insult
1830,Sexual Harassment
3166,Threat
1396,Threat
1888,Threat
6242,Sexual Harassment
2067,Threat
5202,Sexual Harassment
4986,Sexual Harassment
7109,Insult
4519,Threat
2607,Sexual Harassment
4540,Insult
6507,Threat
7361,Threat
1613,Threat
487,Sexual Harassment
1831,Sexual Harassment
3283,Sexual Harassment
5135,Sexual Harassment
5380,Threat
7114,Sexual Harassment
3894,Threat
7228,Sexual Harassment
5651,Threat
1973,Threat
2439,Threat
5767,Threat
4903,Insult
2483,Threat
1918,Insult
379,Insult
1502,Threat
6387,Insult
6363,Insult
4048,Threat
3760,Sexual Harassment
4934,Sexual Harassment
5583,Sexual Harassment
1445,Threat
3521,Insult
1632,Threat
7285,Threat
2015,Threat
1515,Sexual Harassment
411,Threat
7291,Threat
2807,Threat
4486,Insult
2836,Insult
471,Insult
969,Sexual Harassment
5208,Insult
2409,Sexual Harassment
2842,Threat
4269,Sexual Harassment
4227,Insult
5166,Threat
6599,Threat
2743,Insult
5638,Insult
2168,Threat
3427,Sexual Harassment
421,Threat
1154,Threat
3922,Sexual Harassment
3123,Threat
7372,Threat
4812,Sexual Harassment
2830,Threat
3948,Threat
4886,Threat
2702,Threat
2858,Threat
7193,Sexual Harassment
2949,Sexual Harassment
1495,Insult
4622,Insult
3871,Threat
5376,Insult
373,Insult
6588,Threat
2511,Insult
5560,Insult
5211,Insult
4442,Insult
6865,Threat
1220,Threat
6497,Sexual Harassment
711,Sexual Harassment
5706,Threat
5864,Threat
761,Sexual Harassment
4152,Threat
5899,Insult
3597,Threat
5122,Threat
454,Sexual Harassment
3003,Threat
2815,Insult
6932,Threat
7199,Threat
5455,Sexual Harassment
7336,Threat
2622,Insult
1527,Threat
1308,Threat
5765,Sexual Harassment
2713,Threat
2701,Sexual Harassment
10,Threat
7175,Insult
6386,Threat
5701,Sexual Harassment
6954,Sexual Harassment
330,Insult
4343,Sexual Harassment
4226,Sexual Harassment
903,Sexual Harassment
2172,Insult
2592,Threat
6995,Insult
6016,Insult
2331,Threat
3476,Insult
876,Sexual Harassment
3953,Threat
6429,Threat
4316,Threat
3268,Sexual Harassment
5290,Insult
2514,Threat
1407,Insult
6735,Sexual Harassment
3184,Insult
6273,Threat
4652,Insult
958,Insult
4378,Sexual Harassment
6172,Insult
706,Sexual Harassment
6655,Sexual Harassment
1737,Threat
7037,Threat
5291,Insult
4328,Threat
4393,Insult
5957,Insult
4988,Insult
937,Insult
578,Sexual Harassment
3758,Threat
1050,Threat
1357,Insult
3159,Threat
840,Threat
3815,Threat
566,Sexual Harassment
861,Insult
34,Insult
1663,Insult
73,Insult
7330,Insult
5662,Sexual Harassment
5485,Threat
640,Threat
3384,Sexual Harassment
7076,Threat
5782,Threat
5185,Sexual Harassment
1863,Threat
6702,Insult
2083,Sexual Harassment
616,Insult
6364,Insult
7069,Insult
2637,Sexual Harassment
3928,Insult
2627,Insult
5337,Insult
3510,Insult
1026,Insult
994,Sexual Harassment
1592,Threat
6279,Sexual Harassment
623,Threat
153,Sexual Harassment
3631,Insult
2986,Threat
1207,Sexual Harassment
934,Sexual Harassment
1869,Sexual Harassment
3120,Sexual Harassment
100,Sexual Harassment
3748,Insult
5145,Threat
2350,Threat
6220,Sexual Harassment
3258,Insult
4401,Threat
2590,Insult
6087,Threat
5375,Threat
945,Sexual Harassment
3802,Threat
4538,Sexual Harassment
6055,Insult
3930,Sexual Harassment
2951,Sexual Harassment
4721,Sexual Harassment
2286,Sexual Harassment
2199,Insult
4196,Sexual Harassment
1986,Threat
1439,Threat
65,Threat
4559,Insult
3100,Sexual Harassment
513,Insult
417,Threat
2217,Insult
5850,Sexual Harassment
6417,Threat
5750,Sexual Harassment
7368,Threat
7182,Insult
3165,Sexual Harassment
1662,Insult
6541,Sexual Harassment
4136,Insult
2685,Threat
2114,Threat
6933,Insult
1534,Sexual Harassment
6620,Threat
3105,Threat
5164,Threat
7061,Insult
6073,Sexual Harassment
6315,Insult
6051,Threat
2423,Sexual Harassment
4598,Threat
6858,Sexual Harassment
2461,Threat
6168,Insult
4018,Insult
2230,Insult
2053,Insult
2554,Threat
6423,Threat
3195,Sexual Harassment
2478,Threat
5834,Threat
6731,Threat
253,Insult
2293,Sexual Harassment
1848,Sexual Harassment
2209,Sexual Harassment
5317,Threat
162,Threat
4217,Insult
5272,Insult
6128,Insult
6777,Threat
1043,Threat
785,Sexual Harassment
3168,Insult
1385,Insult
6443,Sexual Harassment
3578,Insult
2961,Threat
5022,Insult
4405,Insult
5085,Threat
2014,Threat
4964,Sexual Harassment
6561,Sexual Harassment
113,Insult
6989,Insult
35,Threat
6761,Insult
3826,Insult
6742,Insult
2074,Sexual Harassment
5820,Threat
